Number_of_Transactions,50,,
Transaction ID,Senders ID,Recievers ID,Amount
TXN-B9E8B0A9E3B2,public-id-0001,public-id-0003,2000
TXN-C8B1C5A4F2D6,public-id-0020,public-id-0002,8946.12
TXN-C6E0E4F3E9C9,public-id-0003,public-id-0006,1320
TXN-D2D9D4D3C8D2,public-id-0014,public-id-0017,1459.45
TXN-D7B9D6D7C9B2,public-id-0005,public-id-0008,2340
TXN-E4E0F0F4E2B1,public-id-0016,public-id-0009,8745
TXN-A7B1F2D3F0C2,public-id-0007,public-id-0010,30576.75
TXN-A9D3B9B5F5F9,public-id-0001,public-id-0003,370
TXN-F0F1D9F1C8C3,public-id-0020,public-id-0002,4623
TXN-C8A1C0D9A6E1,public-id-0010,public-id-0014,7598.12
TXN-B3C3B5E8B7C2,public-id-0011,public-id-0015,4689.56
TXN-E3A6F0E5C8C9,public-id-0014,public-id-0018,459.23
TXN-D3A9D6C7F0A0,public-id-0013,public-id-0017,19875.56
TXN-B6D4D9B4E5E7,public-id-0016,public-id-0020,436.15
TXN-B0C4D0B0B7B6,public-id-0015,public-id-0019,456.23
TXN-B1D4D7D0F6A9,public-id-0016,public-id-0020,199
TXN-D3B1E3C4A2C7,public-id-0017,public-id-0001,55
TXN-E7D1E8F1F5B6,public-id-0001,public-id-0005,489
TXN-E0E8C2D3C2C6,public-id-0020,public-id-0005,1356
TXN-B4C3C4C2B9B9,public-id-0002,public-id-0006,17005.28
TXN-F3C2A8C2A6A7,public-id-0003,public-id-0009,142
TXN-B9C7D7F9F8C2,public-id-0012,public-id-0018,25698.23
TXN-C5A8E2B8B0C7,public-id-0005,public-id-0011,1000
TXN-C3F0B2B8D0D5,public-id-0016,public-id-0002,1900.36
TXN-B1C2B8C3F3D4,public-id-0015,public-id-0002,45.36
TXN-D1E2D6D3B0F9,public-id-0002,public-id-0001,100
TXN-E1D8D7B4A1C9,public-id-0018,public-id-0004,49845.12
TXN-F3A9E4F3B7B8,public-id-0001,public-id-0007,236.8
TXN-F8B5E6C7F5D4,public-id-0020,public-id-0006,20358.56
TXN-A2C2D7D6E6F0,public-id-0002,public-id-0008,948
TXN-A0F9D0B1C2C0,public-id-0003,public-id-0010,42
TXN-C2B8D4A4E3C3,public-id-0014,public-id-0003,458.36
TXN-A2C4C7C2A9B7,public-id-0005,public-id-0004,12
TXN-F0E1C8F2E9E2,public-id-0016,public-id-0017,7569.12
TXN-B7E4A6D4E9A0,public-id-0005,public-id-0006,46.32
TXN-B4A9F7E4F7B3,public-id-0017,public-id-0018,99
TXN-F8E0F2A5D2D5,public-id-0008,public-id-0009,24389.56
TXN-C6F1E9D7D0E8,public-id-0001,public-id-0002,2340
TXN-B2C9D9A9A2F7,public-id-0020,public-id-0009,5348.23
TXN-B3C8B1A5E5E6,public-id-0009,public-id-0018,534
TXN-B2D0C1D1B3A7,public-id-0003,public-id-0012,46.56
TXN-F7A1B9C6C1F1,public-id-0015,public-id-0004,7589.23
TXN-C1A4C7A3F7E7,public-id-0005,public-id-0013,63.4
TXN-E5A4C3D3A3E1,public-id-0016,public-id-0005,165.45
TXN-E5A8C7F2C9D8,public-id-0002,public-id-0011,34786.7
TXN-C1E1F8E1D1B3,public-id-0006,public-id-0015,20007.23
TXN-E0F6D3B7A7F8,public-id-0016,public-id-0004,29486.12
TXN-E8D6C2B0B9A6,public-id-0001,public-id-0010,200
TXN-D4C4F5D9C8F1,public-id-0020,public-id-0008,469.03
TXN-C5F2E0F1F6B3,public-id-0019,public-id-0007,11111.11
