Number_of_Transactions,25,,
TransactionID,Senderâ€™s ID,Receiverâ€™sID,Amount
TXN-B5A7E0D1C6D5,public-id-0002,public-id-0016,
TXN-F3B8A3A7B3A8,public-id-0009,public-id-0005,
TXN-D5C9B2D8B8D3,public-id-0016,public-id-0007,
TXN-C9C2F9D8B3C9,public-id-0005,public-id-0013,
TXN-C6F2D7A3B4C8,public-id-0011,public-id-0010,
TXN-E4B5E6D4D5A2,public-id-0007,public-id-0013,
TXN-F5F4E1D7A4D7,public-id-0002,public-id-0001,
TXN-E1E9D5F6B8B7,public-id-0015,public-id-0014,
TXN-D2B4E7D7A2F3,public-id-0011,public-id-0009,
TXN-F8E1D3B1C3E3,public-id-0005,public-id-0010,
TXN-C9F1C3E9B9F9,public-id-0013,public-id-0016,
TXN-E4E3C1C0E2F9,public-id-0010,public-id-0014,
TXN-D4E3E0C8F0E1,public-id-0002,public-id-0011,
TXN-B2C4E6E2C2F9,public-id-0014,public-id-0004,
TXN-A5F6D4D6D7D1,public-id-0001,public-id-0015,
TXN-B0B8C3E7A2B0,public-id-0009,public-id-0005,
TXN-E5E3C4E4B5C1,public-id-0011,public-id-0002,
TXN-F9F4C1F3B7F3,public-id-0001,public-id-0008,
TXN-E3C0A3A8B7F9,public-id-0010,public-id-0012,
TXN-F5B2E5D6A5C0,public-id-0007,public-id-0016,
TXN-C6D7B8C7E4A2,public-id-0016,public-id-0013,
TXN-D2C8B4B2B2D4,public-id-0014,public-id-0007,
TXN-D2C5B0B3E2E5,public-id-0002,public-id-0005,
TXN-F4B7C5F8F3E9,public-id-0012,public-id-0013,
TXN-F8D1A8F4F7D0,public-id-0012,public-id-0014,
